NYPOST	SUPER__1
NYPOST	SUPER__2
NYPOST	SUPER__3
NYPOST	SUPER__5
NYPOST	SUPER__6
NYPOST	SUPER__7
NYPOST	SUPER__8
NYPOST	SUPER__9
NYPOST	SUPER__10
NYPOST	SUPER__11
NYPOST	SUPER__12
NYPOST	SUPER__13
NYPOST	SUPER__14
NYPOST	SUPER__15
NYPOST	SUPER__16
NYPOST	SUPER__17
NYPOST	SUPER__18
NYPOST	SUPER__19
NYPOST	SUPER__20
NYPOST	SUPER__21
NYPOST	SUPER__22
NYPRE	SUPER__1
NYPRE	SUPER__2
NYPRE	SUPER__3
NYPRE	SUPER__5
NYPRE	SUPER__6
NYPRE	SUPER__7
NYPRE	SUPER__8
NYPRE	SUPER__9
NYPRE	SUPER__10
NYPRE	SUPER__11
NYPRE	SUPER__12
NYPRE	SUPER__13
NYPRE	SUPER__14
NYPRE	SUPER__15
NYPRE	SUPER__16
NYPRE	SUPER__17
NYPRE	SUPER__18
NYPRE	SUPER__19
NYPRE	SUPER__20
NYPRE	SUPER__21
NYPRE	SUPER__22
PAPOST	SUPER__1
PAPOST	SUPER__2
PAPOST	SUPER__3
PAPOST	SUPER__5
PAPOST	SUPER__6
PAPOST	SUPER__7
PAPOST	SUPER__8
PAPOST	SUPER__9
PAPOST	SUPER__10
PAPOST	SUPER__11
PAPOST	SUPER__12
PAPOST	SUPER__13
PAPOST	SUPER__14
PAPOST	SUPER__15
PAPOST	SUPER__16
PAPOST	SUPER__17
PAPOST	SUPER__18
PAPOST	SUPER__19
PAPOST	SUPER__20
PAPOST	SUPER__21
PAPOST	SUPER__22
PAPRE	SUPER__1
PAPRE	SUPER__2
PAPRE	SUPER__3
PAPRE	SUPER__5
PAPRE	SUPER__6
PAPRE	SUPER__7
PAPRE	SUPER__8
PAPRE	SUPER__9
PAPRE	SUPER__10
PAPRE	SUPER__11
PAPRE	SUPER__12
PAPRE	SUPER__13
PAPRE	SUPER__14
PAPRE	SUPER__15
PAPRE	SUPER__16
PAPRE	SUPER__17
PAPRE	SUPER__18
PAPRE	SUPER__19
PAPRE	SUPER__20
PAPRE	SUPER__21
PAPRE	SUPER__22
POST	SUPER__1
POST	SUPER__2
POST	SUPER__3
POST	SUPER__5
POST	SUPER__6
POST	SUPER__7
POST	SUPER__8
POST	SUPER__9
POST	SUPER__10
POST	SUPER__11
POST	SUPER__12
POST	SUPER__13
POST	SUPER__14
POST	SUPER__15
POST	SUPER__16
POST	SUPER__17
POST	SUPER__18
POST	SUPER__19
POST	SUPER__20
POST	SUPER__21
POST	SUPER__22
PRE	SUPER__1
PRE	SUPER__2
PRE	SUPER__3
PRE	SUPER__5
PRE	SUPER__6
PRE	SUPER__7
PRE	SUPER__8
PRE	SUPER__9
PRE	SUPER__10
PRE	SUPER__11
PRE	SUPER__12
PRE	SUPER__13
PRE	SUPER__14
PRE	SUPER__15
PRE	SUPER__16
PRE	SUPER__17
PRE	SUPER__18
PRE	SUPER__19
PRE	SUPER__20
PRE	SUPER__21
PRE	SUPER__22
PA	SUPER__1
PA	SUPER__2
PA	SUPER__3
PA	SUPER__5
PA	SUPER__6
PA	SUPER__7
PA	SUPER__8
PA	SUPER__9
PA	SUPER__10
PA	SUPER__11
PA	SUPER__12
PA	SUPER__13
PA	SUPER__14
PA	SUPER__15
PA	SUPER__16
PA	SUPER__17
PA	SUPER__18
PA	SUPER__19
PA	SUPER__20
PA	SUPER__21
PA	SUPER__22
NY	SUPER__1
NY	SUPER__2
NY	SUPER__3
NY	SUPER__5
NY	SUPER__6
NY	SUPER__7
NY	SUPER__8
NY	SUPER__9
NY	SUPER__10
NY	SUPER__11
NY	SUPER__12
NY	SUPER__13
NY	SUPER__14
NY	SUPER__15
NY	SUPER__16
NY	SUPER__17
NY	SUPER__18
NY	SUPER__19
NY	SUPER__20
NY	SUPER__21
NY	SUPER__22
